OfficeID,Contact Name,Suburb,State,Postcode,Phone Number,Email
1,Elton Mckenzie,Hurstville,NSW,1493,(+61) 02 35563485,hurstville@myoffice.gov.au
2,Kennith Graves,Sydney,NSW,2000,(+61) 02 34533466,sydney@myoffice.gov.au
3,Myrna Duke,Auburn,NSW,2144,(+61) 02 36372375,auburn@myoffice.gov.au
4,Parker Lang,Riverwood,NSW,2210,(+61) 02 45747345,riverwood@myoffice.gov.au
5,Sara Mcconnell,Fingal Bay,NSW,2315,(+61) 02 37532374,fingalbay@myoffice.gov.au
6,Anton Orozco,Harrington,NSW,2427,(+61) 02 36733495,harrington@myoffice.gov.au
7,Lillian Leach,Back Forest,NSW,2535,(+61) 02 34953946,backforest@myoffice.gov.au
8,Kari Avery,Jindabyne,NSW,2627,(+61) 02 82452731,jindabyne @myoffice.gov.au
9,Kate Mcpherson,Benolong,NSW,2830,(+61) 02 70462777,benolong@myoffice.gov.au
10,Russel Silva,Melbourne,VIC,3000,(+61) 03 56741965,melbourne@myoffice.gov.au
11,Bettie Stevenson,Preston,VIC,3072,(+61) 03 45627777,preston@myoffice.gov.au
12,Ofelia Allen,Petticoat Creek,VIC,3233,(+61) 03 74364446,petticoatcreek@myoffice.gov.au
13,Kirby Graham,Douglas,VIC,3409,(+61) 03 73082341,douglas@myoffice.gov.au
14,Emmitt Reid,Mildura,VIC,3500,(+61) 03 56439999,mildura@myoffice.gov.au
15,Jamel Villa,Broadford,VIC,3658,(+61) 03 35672067,broadford@myoffice.gov.au
16,Adolfo Massey,Officer,VIC,3809,(+61) 03 36972945,officer@myoffice.gov.au
17,Shawn Valdez,Nowa Nowa,VIC,3887,(+61) 03 34567956,nowanowa@myoffice.gov.au
18,Raymond Moses,Langsborough,VIC,3971,(+61) 03 70768883,langsborough@myoffice.gov.au
19,Nicholas Evans,Brisbane,QLD,4000,(+61) 07 36728709,brisbane@myoffice.gov.au
20,Janine Kelly,Robertson,QLD,4109,(+61) 07 33753892,robertson@myoffice.gov.au
21,Jeanne Summers,Logan Village,QLD,4207,(+61) 07 34588880,loganvillage@myoffice.gov.au
22,Shayne Mendez,Ipswich,QLD,4305,(+61) 07 34567890,ipswich@myoffice.gov.au
23,Vaughn Griffith,Cattle Creek,QLD,4407,(+61) 07 44566871,cattlecreek@myoffice.gov.au
24,Terrence Webster,Caboolture,QLD,4510,(+61) 07 35679012,caboolture@myoffice.gov.au
25,Marylou Mathews,Booie,QLD,4610,(+61) 07 33789000,booie@myoffice.gov.au
26,Romeo Sweeney,Rockhampton,QLD,4700,(+61) 07 56472855,rockhampton@myoffice.gov.au
27,Fred Walker,Townsville,QLD,4810,(+61) 07 45637778,townsville @myoffice.gov.au
28,Elroy Raymond,Cairns,QLD,4870,(+61) 07 33671119,cairns@myoffice.gov.au
29,Noe Reynolds,Adelaide,SA,5000,(+61) 09 65232244,adelaide@myoffice.gov.au
